-- Mock seed data for local development
-- Usage: sqlite3 .wrangler/state/v3/d1/<hash>/<db>.sqlite ".read db/seed.sql"

-- ---------------------------------------------------------------------------
-- channels
-- ---------------------------------------------------------------------------
INSERT OR IGNORE INTO channels (channel_id, handle, title, icon_url, last_checked, last_accessed) VALUES
  ('UC_mock_channel_A', '@MockChannelA', 'Mock Channel A', 'https://i.ytimg.com/vi/dQw4w9WgXcQ/default.jpg', datetime('now'), datetime('now')),
  ('UC_mock_channel_B', '@MockChannelB', 'Mock Channel B', 'https://i.ytimg.com/vi/dQw4w9WgXcQ/default.jpg', datetime('now'), datetime('now'));

-- ---------------------------------------------------------------------------
-- videos (channel A: 5本、RD がばらつくよう battles を調整)
-- ---------------------------------------------------------------------------
INSERT OR IGNORE INTO videos (video_id, channel_id, title, thumbnail_url, category, duration, view_count, published_at, rating, rd, volatility, wins, battles) VALUES
  ('vid_A_001', 'UC_mock_channel_A', 'Video A-1 (多対戦)',  'https://i.ytimg.com/vi/dQw4w9WgXcQ/hqdefault.jpg', 'videos', 420, 120000, '2024-01-01T00:00:00', 1620, 72,  0.055, 18, 28),
  ('vid_A_002', 'UC_mock_channel_A', 'Video A-2 (中対戦)',  'https://i.ytimg.com/vi/dQw4w9WgXcQ/hqdefault.jpg', 'videos', 380, 80000,  '2024-02-01T00:00:00', 1500, 145, 0.058, 8,  14),
  ('vid_A_003', 'UC_mock_channel_A', 'Video A-3 (少対戦)',  'https://i.ytimg.com/vi/dQw4w9WgXcQ/hqdefault.jpg', 'videos', 600, 50000,  '2024-03-01T00:00:00', 1480, 280, 0.060, 2,  4),
  ('vid_A_004', 'UC_mock_channel_A', 'Video A-4 (未対戦)',  'https://i.ytimg.com/vi/dQw4w9WgXcQ/hqdefault.jpg', 'videos', 300, 30000,  '2024-04-01T00:00:00', 1500, 350, 0.060, 0,  0),
  ('vid_A_005', 'UC_mock_channel_A', 'Short A-5',           'https://i.ytimg.com/vi/dQw4w9WgXcQ/hqdefault.jpg', 'shorts', 58,  9000,   '2024-05-01T00:00:00', 1540, 110, 0.056, 12, 20);

-- ---------------------------------------------------------------------------
-- reactions (ピン差しサンプル: vid_A_001 に120件、vid_A_002 に45件)
-- vid_A_001: 3つのホットゾーン + ノイズ数件
-- ゾーン1: 顔・上部中央 (0.45-0.55, 0.15-0.30) 約50件
-- ゾーン2: テキスト・中央下 (0.30-0.55, 0.65-0.80) 約40件
-- ゾーン3: 右下オブジェクト (0.70-0.85, 0.55-0.70) 約25件
-- ノイズ: 散らばり約5件
-- ---------------------------------------------------------------------------
INSERT OR IGNORE INTO reactions (video_id, session_id, x, y, updated_at) VALUES
  ('vid_A_001','s001',0.472,0.192,datetime('now','-480 minutes')),
  ('vid_A_001','s002',0.501,0.208,datetime('now','-475 minutes')),
  ('vid_A_001','s003',0.488,0.175,datetime('now','-470 minutes')),
  ('vid_A_001','s004',0.519,0.223,datetime('now','-465 minutes')),
  ('vid_A_001','s005',0.462,0.240,datetime('now','-460 minutes')),
  ('vid_A_001','s006',0.495,0.187,datetime('now','-455 minutes')),
  ('vid_A_001','s007',0.477,0.215,datetime('now','-450 minutes')),
  ('vid_A_001','s008',0.508,0.198,datetime('now','-445 minutes')),
  ('vid_A_001','s009',0.484,0.232,datetime('now','-440 minutes')),
  ('vid_A_001','s010',0.523,0.181,datetime('now','-435 minutes')),
  ('vid_A_001','s011',0.453,0.205,datetime('now','-430 minutes')),
  ('vid_A_001','s012',0.512,0.217,datetime('now','-425 minutes')),
  ('vid_A_001','s013',0.469,0.228,datetime('now','-420 minutes')),
  ('vid_A_001','s014',0.498,0.195,datetime('now','-415 minutes')),
  ('vid_A_001','s015',0.481,0.246,datetime('now','-410 minutes')),
  ('vid_A_001','s016',0.517,0.163,datetime('now','-405 minutes')),
  ('vid_A_001','s017',0.458,0.189,datetime('now','-400 minutes')),
  ('vid_A_001','s018',0.503,0.237,datetime('now','-395 minutes')),
  ('vid_A_001','s019',0.476,0.172,datetime('now','-390 minutes')),
  ('vid_A_001','s020',0.527,0.210,datetime('now','-385 minutes')),
  ('vid_A_001','s021',0.466,0.258,datetime('now','-380 minutes')),
  ('vid_A_001','s022',0.493,0.183,datetime('now','-375 minutes')),
  ('vid_A_001','s023',0.510,0.248,datetime('now','-370 minutes')),
  ('vid_A_001','s024',0.448,0.221,datetime('now','-365 minutes')),
  ('vid_A_001','s025',0.521,0.193,datetime('now','-360 minutes')),
  ('vid_A_001','s026',0.479,0.267,datetime('now','-355 minutes')),
  ('vid_A_001','s027',0.506,0.159,datetime('now','-350 minutes')),
  ('vid_A_001','s028',0.457,0.243,datetime('now','-345 minutes')),
  ('vid_A_001','s029',0.530,0.202,datetime('now','-340 minutes')),
  ('vid_A_001','s030',0.470,0.179,datetime('now','-335 minutes')),
  ('vid_A_001','s031',0.485,0.255,datetime('now','-330 minutes')),
  ('vid_A_001','s032',0.502,0.168,datetime('now','-325 minutes')),
  ('vid_A_001','s033',0.461,0.234,datetime('now','-320 minutes')),
  ('vid_A_001','s034',0.518,0.251,datetime('now','-315 minutes')),
  ('vid_A_001','s035',0.487,0.161,datetime('now','-310 minutes')),
  ('vid_A_001','s036',0.474,0.272,datetime('now','-305 minutes')),
  ('vid_A_001','s037',0.509,0.186,datetime('now','-300 minutes')),
  ('vid_A_001','s038',0.463,0.211,datetime('now','-295 minutes')),
  ('vid_A_001','s039',0.525,0.239,datetime('now','-290 minutes')),
  ('vid_A_001','s040',0.491,0.174,datetime('now','-285 minutes')),
  ('vid_A_001','s041',0.455,0.262,datetime('now','-280 minutes')),
  ('vid_A_001','s042',0.514,0.196,datetime('now','-275 minutes')),
  ('vid_A_001','s043',0.480,0.219,datetime('now','-270 minutes')),
  ('vid_A_001','s044',0.499,0.278,datetime('now','-265 minutes')),
  ('vid_A_001','s045',0.468,0.157,datetime('now','-260 minutes')),
  ('vid_A_001','s046',0.533,0.226,datetime('now','-255 minutes')),
  ('vid_A_001','s047',0.476,0.244,datetime('now','-250 minutes')),
  ('vid_A_001','s048',0.504,0.177,datetime('now','-245 minutes')),
  ('vid_A_001','s049',0.447,0.215,datetime('now','-240 minutes')),
  ('vid_A_001','s050',0.522,0.261,datetime('now','-235 minutes')),
  ('vid_A_001','s051',0.348,0.672,datetime('now','-230 minutes')),
  ('vid_A_001','s052',0.391,0.698,datetime('now','-225 minutes')),
  ('vid_A_001','s053',0.362,0.715,datetime('now','-220 minutes')),
  ('vid_A_001','s054',0.418,0.683,datetime('now','-215 minutes')),
  ('vid_A_001','s055',0.374,0.741,datetime('now','-210 minutes')),
  ('vid_A_001','s056',0.405,0.659,datetime('now','-205 minutes')),
  ('vid_A_001','s057',0.336,0.728,datetime('now','-200 minutes')),
  ('vid_A_001','s058',0.427,0.706,datetime('now','-195 minutes')),
  ('vid_A_001','s059',0.358,0.689,datetime('now','-190 minutes')),
  ('vid_A_001','s060',0.398,0.752,datetime('now','-185 minutes')),
  ('vid_A_001','s061',0.371,0.664,datetime('now','-180 minutes')),
  ('vid_A_001','s062',0.412,0.718,datetime('now','-175 minutes')),
  ('vid_A_001','s063',0.344,0.695,datetime('now','-170 minutes')),
  ('vid_A_001','s064',0.435,0.677,datetime('now','-165 minutes')),
  ('vid_A_001','s065',0.381,0.733,datetime('now','-160 minutes')),
  ('vid_A_001','s066',0.354,0.710,datetime('now','-155 minutes')),
  ('vid_A_001','s067',0.420,0.658,datetime('now','-150 minutes')),
  ('vid_A_001','s068',0.367,0.748,datetime('now','-145 minutes')),
  ('vid_A_001','s069',0.396,0.681,datetime('now','-140 minutes')),
  ('vid_A_001','s070',0.341,0.719,datetime('now','-135 minutes')),
  ('vid_A_001','s071',0.430,0.694,datetime('now','-130 minutes')),
  ('vid_A_001','s072',0.378,0.762,datetime('now','-125 minutes')),
  ('vid_A_001','s073',0.353,0.671,datetime('now','-120 minutes')),
  ('vid_A_001','s074',0.415,0.703,datetime('now','-115 minutes')),
  ('vid_A_001','s075',0.387,0.656,datetime('now','-110 minutes')),
  ('vid_A_001','s076',0.363,0.736,datetime('now','-105 minutes')),
  ('vid_A_001','s077',0.425,0.725,datetime('now','-100 minutes')),
  ('vid_A_001','s078',0.343,0.688,datetime('now','-95 minutes')),
  ('vid_A_001','s079',0.408,0.765,datetime('now','-90 minutes')),
  ('vid_A_001','s080',0.372,0.647,datetime('now','-85 minutes')),
  ('vid_A_001','s081',0.726,0.578,datetime('now','-80 minutes')),
  ('vid_A_001','s082',0.748,0.612,datetime('now','-78 minutes')),
  ('vid_A_001','s083',0.711,0.594,datetime('now','-76 minutes')),
  ('vid_A_001','s084',0.762,0.583,datetime('now','-74 minutes')),
  ('vid_A_001','s085',0.731,0.628,datetime('now','-72 minutes')),
  ('vid_A_001','s086',0.718,0.561,datetime('now','-70 minutes')),
  ('vid_A_001','s087',0.753,0.597,datetime('now','-68 minutes')),
  ('vid_A_001','s088',0.707,0.642,datetime('now','-66 minutes')),
  ('vid_A_001','s089',0.774,0.569,datetime('now','-64 minutes')),
  ('vid_A_001','s090',0.722,0.615,datetime('now','-62 minutes')),
  ('vid_A_001','s091',0.744,0.553,datetime('now','-60 minutes')),
  ('vid_A_001','s092',0.713,0.631,datetime('now','-58 minutes')),
  ('vid_A_001','s093',0.768,0.608,datetime('now','-56 minutes')),
  ('vid_A_001','s094',0.729,0.576,datetime('now','-54 minutes')),
  ('vid_A_001','s095',0.756,0.649,datetime('now','-52 minutes')),
  ('vid_A_001','s096',0.703,0.558,datetime('now','-50 minutes')),
  ('vid_A_001','s097',0.782,0.591,datetime('now','-48 minutes')),
  ('vid_A_001','s098',0.735,0.623,datetime('now','-46 minutes')),
  ('vid_A_001','s099',0.719,0.546,datetime('now','-44 minutes')),
  ('vid_A_001','s100',0.761,0.638,datetime('now','-42 minutes')),
  ('vid_A_001','s101',0.741,0.566,datetime('now','-40 minutes')),
  ('vid_A_001','s102',0.714,0.604,datetime('now','-38 minutes')),
  ('vid_A_001','s103',0.770,0.582,datetime('now','-36 minutes')),
  ('vid_A_001','s104',0.728,0.651,datetime('now','-34 minutes')),
  ('vid_A_001','s105',0.750,0.574,datetime('now','-32 minutes')),
  ('vid_A_001','s106',0.148,0.832,datetime('now','-30 minutes')),
  ('vid_A_001','s107',0.872,0.134,datetime('now','-28 minutes')),
  ('vid_A_001','s108',0.623,0.418,datetime('now','-26 minutes')),
  ('vid_A_001','s109',0.218,0.317,datetime('now','-24 minutes')),
  ('vid_A_001','s110',0.918,0.762,datetime('now','-22 minutes')),
  -- vid_A_002: 2つのゾーン (左上: タイトル周辺、右中: オブジェクト)
  ('vid_A_002','t001',0.234,0.182,datetime('now','-200 minutes')),
  ('vid_A_002','t002',0.261,0.207,datetime('now','-195 minutes')),
  ('vid_A_002','t003',0.218,0.198,datetime('now','-190 minutes')),
  ('vid_A_002','t004',0.278,0.175,datetime('now','-185 minutes')),
  ('vid_A_002','t005',0.245,0.221,datetime('now','-180 minutes')),
  ('vid_A_002','t006',0.229,0.164,datetime('now','-175 minutes')),
  ('vid_A_002','t007',0.267,0.194,datetime('now','-170 minutes')),
  ('vid_A_002','t008',0.241,0.238,datetime('now','-165 minutes')),
  ('vid_A_002','t009',0.253,0.172,datetime('now','-160 minutes')),
  ('vid_A_002','t010',0.224,0.211,datetime('now','-155 minutes')),
  ('vid_A_002','t011',0.272,0.188,datetime('now','-150 minutes')),
  ('vid_A_002','t012',0.236,0.246,datetime('now','-145 minutes')),
  ('vid_A_002','t013',0.258,0.163,datetime('now','-140 minutes')),
  ('vid_A_002','t014',0.214,0.224,datetime('now','-135 minutes')),
  ('vid_A_002','t015',0.249,0.198,datetime('now','-130 minutes')),
  ('vid_A_002','t016',0.712,0.531,datetime('now','-125 minutes')),
  ('vid_A_002','t017',0.748,0.564,datetime('now','-120 minutes')),
  ('vid_A_002','t018',0.728,0.548,datetime('now','-115 minutes')),
  ('vid_A_002','t019',0.764,0.521,datetime('now','-110 minutes')),
  ('vid_A_002','t020',0.698,0.573,datetime('now','-105 minutes')),
  ('vid_A_002','t021',0.741,0.509,datetime('now','-100 minutes')),
  ('vid_A_002','t022',0.718,0.582,datetime('now','-95 minutes')),
  ('vid_A_002','t023',0.756,0.537,datetime('now','-90 minutes')),
  ('vid_A_002','t024',0.703,0.558,datetime('now','-85 minutes')),
  ('vid_A_002','t025',0.773,0.546,datetime('now','-80 minutes')),
  ('vid_A_002','t026',0.432,0.781,datetime('now','-75 minutes')),
  ('vid_A_002','t027',0.618,0.274,datetime('now','-70 minutes')),
  ('vid_A_002','t028',0.087,0.653,datetime('now','-65 minutes')),
  ('vid_A_002','t029',0.521,0.489,datetime('now','-60 minutes')),
  ('vid_A_002','t030',0.854,0.321,datetime('now','-55 minutes'));


